"Open,High,Low,Volume,Close","Open,High,Low,Volume,Close","Open,High,Low,Volume,Close","Open,High,Low,Volume,Close","Open,High,Low,Volume,Close","Open,High,Low,Volume,Close","Open,High,Low,Volume,Close","Open,High,Low,Volume,Close","Open,High,Low,Volume,Close","Open,High,Low,Volume,Close"
"1,50,15,51,48,10,00,00,000","1,50,15,51,48,10,00,00,000","1,50,15,51,48,10,00,00,000","1,50,15,51,48,10,00,00,000","1,50,15,51,48,10,00,00,000","1,50,15,51,48,10,00,00,000","1,50,15,51,48,10,00,00,000","1,50,15,51,48,10,00,00,000","1,50,15,51,48,10,00,00,000","1,50,15,51,48,10,00,00,000"
"1,53,15,71,51,12,00,00,000","1,53,15,71,51,12,00,00,000","1,53,15,71,51,12,00,00,000","1,53,15,71,51,12,00,00,000","1,53,15,71,51,12,00,00,000","1,53,15,71,51,12,00,00,000","1,53,15,71,51,12,00,00,000","1,53,15,71,51,12,00,00,000","1,53,15,71,51,12,00,00,000","1,53,15,71,51,12,00,00,000"
"1,56,16,01,54,11,00,00,000","1,56,16,01,54,11,00,00,000","1,56,16,01,54,11,00,00,000","1,56,16,01,54,11,00,00,000","1,56,16,01,54,11,00,00,000","1,56,16,01,54,11,00,00,000","1,56,16,01,54,11,00,00,000","1,56,16,01,54,11,00,00,000","1,56,16,01,54,11,00,00,000","1,56,16,01,54,11,00,00,000"
"1,58,16,21,56,13,00,00,000","1,58,16,21,56,13,00,00,000","1,58,16,21,56,13,00,00,000","1,58,16,21,56,13,00,00,000","1,58,16,21,56,13,00,00,000","1,58,16,21,56,13,00,00,000","1,58,16,21,56,13,00,00,000","1,58,16,21,56,13,00,00,000","1,58,16,21,56,13,00,00,000","1,58,16,21,56,13,00,00,000"
"1,60,16,51,58,14,00,00,000","1,60,16,51,58,14,00,00,000","1,60,16,51,58,14,00,00,000","1,60,16,51,58,14,00,00,000","1,60,16,51,58,14,00,00,000","1,60,16,51,58,14,00,00,000","1,60,16,51,58,14,00,00,000","1,60,16,51,58,14,00,00,000","1,60,16,51,58,14,00,00,000","1,60,16,51,58,14,00,00,000"
"1,63,16,81,61,15,00,00,000","1,63,16,81,61,15,00,00,000","1,63,16,81,61,15,00,00,000","1,63,16,81,61,15,00,00,000","1,63,16,81,61,15,00,00,000","1,63,16,81,61,15,00,00,000","1,63,16,81,61,15,00,00,000","1,63,16,81,61,15,00,00,000","1,63,16,81,61,15,00,00,000","1,63,16,81,61,15,00,00,000"
"1,66,17,01,64,16,00,00,000","1,66,17,01,64,16,00,00,000","1,66,17,01,64,16,00,00,000","1,66,17,01,64,16,00,00,000","1,66,17,01,64,16,00,00,000","1,66,17,01,64,16,00,00,000","1,66,17,01,64,16,00,00,000","1,66,17,01,64,16,00,00,000","1,66,17,01,64,16,00,00,000","1,66,17,01,64,16,00,00,000"
"1,68,17,21,66,17,00,00,000","1,68,17,21,66,17,00,00,000","1,68,17,21,66,17,00,00,000","1,68,17,21,66,17,00,00,000","1,68,17,21,66,17,00,00,000","1,68,17,21,66,17,00,00,000","1,68,17,21,66,17,00,00,000","1,68,17,21,66,17,00,00,000","1,68,17,21,66,17,00,00,000","1,68,17,21,66,17,00,00,000"
"1,70,17,51,68,18,00,00,000","1,70,17,51,68,18,00,00,000","1,70,17,51,68,18,00,00,000","1,70,17,51,68,18,00,00,000","1,70,17,51,68,18,00,00,000","1,70,17,51,68,18,00,00,000","1,70,17,51,68,18,00,00,000","1,70,17,51,68,18,00,00,000","1,70,17,51,68,18,00,00,000","1,70,17,51,68,18,00,00,000"
"1,73,17,81,71,19,00,00,000","1,73,17,81,71,19,00,00,000","1,73,17,81,71,19,00,00,000","1,73,17,81,71,19,00,00,000","1,73,17,81,71,19,00,00,000","1,73,17,81,71,19,00,00,000","1,73,17,81,71,19,00,00,000","1,73,17,81,71,19,00,00,000","1,73,17,81,71,19,00,00,000","1,73,17,81,71,19,00,00,000"
"1,76,18,01,74,20,00,00,000","1,76,18,01,74,20,00,00,000","1,76,18,01,74,20,00,00,000","1,76,18,01,74,20,00,00,000","1,76,18,01,74,20,00,00,000","1,76,18,01,74,20,00,00,000","1,76,18,01,74,20,00,00,000","1,76,18,01,74,20,00,00,000","1,76,18,01,74,20,00,00,000","1,76,18,01,74,20,00,00,000"
"1,78,18,21,76,21,00,00,000","1,78,18,21,76,21,00,00,000","1,78,18,21,76,21,00,00,000","1,78,18,21,76,21,00,00,000","1,78,18,21,76,21,00,00,000","1,78,18,21,76,21,00,00,000","1,78,18,21,76,21,00,00,000","1,78,18,21,76,21,00,00,000","1,78,18,21,76,21,00,00,000","1,78,18,21,76,21,00,00,000"
"1,80,18,51,78,22,00,00,000","1,80,18,51,78,22,00,00,000","1,80,18,51,78,22,00,00,000","1,80,18,51,78,22,00,00,000","1,80,18,51,78,22,00,00,000","1,80,18,51,78,22,00,00,000","1,80,18,51,78,22,00,00,000","1,80,18,51,78,22,00,00,000","1,80,18,51,78,22,00,00,000","1,80,18,51,78,22,00,00,000"
"1,83,18,81,81,23,00,00,000","1,83,18,81,81,23,00,00,000","1,83,18,81,81,23,00,00,000","1,83,18,81,81,23,00,00,000","1,83,18,81,81,23,00,00,000","1,83,18,81,81,23,00,00,000","1,83,18,81,81,23,00,00,000","1,83,18,81,81,23,00,00,000","1,83,18,81,81,23,00,00,000","1,83,18,81,81,23,00,00,000"
"1,86,19,01,84,24,00,00,000","1,86,19,01,84,24,00,00,000","1,86,19,01,84,24,00,00,000","1,86,19,01,84,24,00,00,000","1,86,19,01,84,24,00,00,000","1,86,19,01,84,24,00,00,000","1,86,19,01,84,24,00,00,000","1,86,19,01,84,24,00,00,000","1,86,19,01,84,24,00,00,000","1,86,19,01,84,24,00,00,000"
"1,88,19,31,86,25,00,00,000","1,88,19,31,86,25,00,00,000","1,88,19,31,86,25,00,00,000","1,88,19,31,86,25,00,00,000","1,88,19,31,86,25,00,00,000","1,88,19,31,86,25,00,00,000","1,88,19,31,86,25,00,00,000","1,88,19,31,86,25,00,00,000","1,88,19,31,86,25,00,00,000","1,88,19,31,86,25,00,00,000"
"1,91,19,51,89,26,00,00,000","1,91,19,51,89,26,00,00,000","1,91,19,51,89,26,00,00,000","1,91,19,51,89,26,00,00,000","1,91,19,51,89,26,00,00,000","1,91,19,51,89,26,00,00,000","1,91,19,51,89,26,00,00,000","1,91,19,51,89,26,00,00,000","1,91,19,51,89,26,00,00,000","1,91,19,51,89,26,00,00,000"
"1,93,19,81,91,27,00,00,000","1,93,19,81,91,27,00,00,000","1,93,19,81,91,27,00,00,000","1,93,19,81,91,27,00,00,000","1,93,19,81,91,27,00,00,000","1,93,19,81,91,27,00,00,000","1,93,19,81,91,27,00,00,000","1,93,19,81,91,27,00,00,000","1,93,19,81,91,27,00,00,000","1,93,19,81,91,27,00,00,000"
"1,96,20,01,94,28,00,00,000","1,96,20,01,94,28,00,00,000","1,96,20,01,94,28,00,00,000","1,96,20,01,94,28,00,00,000","1,96,20,01,94,28,00,00,000","1,96,20,01,94,28,00,00,000","1,96,20,01,94,28,00,00,000","1,96,20,01,94,28,00,00,000","1,96,20,01,94,28,00,00,000","1,96,20,01,94,28,00,00,000"
"1,98,20,31,96,29,00,00,000","1,98,20,31,96,29,00,00,000","1,98,20,31,96,29,00,00,000","1,98,20,31,96,29,00,00,000","1,98,20,31,96,29,00,00,000","1,98,20,31,96,29,00,00,000","1,98,20,31,96,29,00,00,000","1,98,20,31,96,29,00,00,000","1,98,20,31,96,29,00,00,000","1,98,20,31,96,29,00,00,000"
